Treatment Category,Total Phenolics (Folin–Ciocalteu),Total Phenolic Content (TPC; Solvent-Separated),Saponin Content (Solvent-Separated),Water Activity (aw),Reducing Sugars (DNS Method),Antioxidant Capacity (ABTS Assay),CIELab L* (Lightness),CIELab a* (Red–Green Axis),CIELab b* (Yellow–Blue Axis),CIELab Chroma (C*),CIELab Hue Angle (Source-Reported Scale),pH
Traditional drying without zeolite,40.659,29.8,72.1,0.331,7.467,7450,24.68,12.35,21.1,33.45,0.53,5.73
Traditional drying without zeolite,45.773,29.6,74.2,0.335,7.279,7448,24.6,12.68,20.66,33.34,0.55,5.68
Traditional drying without zeolite,46.426,28.5,71.6,0.329,7.491,7465,24.91,12.99,21.59,34.58,0.542,5.66
Traditional drying without zeolite,47.187,27.7,60.7,0.273,6.856,6925,20.55,12.34,19.67,32.01,0.56,5.61
Traditional drying without zeolite,47.949,27.6,57.8,0.271,6.95,6940,20.02,12.78,20.18,32.96,0.565,5.64
Traditional drying without zeolite,46.752,27.5,59,0.276,6.973,6935,20.46,12.46,19.44,31.9,0.57,5.63
Traditional drying without zeolite,51.648,22,62.6,0.259,6.432,6715,23.97,12.85,21.05,33.9,0.548,5.6
Traditional drying without zeolite,50.996,21.7,65,0.267,6.385,6730,23.77,12.76,21.16,33.92,0.543,5.6
Traditional drying without zeolite,51.757,21.6,64.3,0.269,6.432,6725,23.68,12.52,21.77,34.29,0.522,5.59
Zeolite-assisted drying,52.628,25.8,62.8,0.318,8.29,7397,23.5,12.8,20.68,33.48,0.554,5.65
Zeolite-assisted drying,51.104,25.5,65,0.322,8.361,7395,24.1,13.26,21,34.26,0.563,5.65
Zeolite-assisted drying,52.192,25,64.9,0.315,8.384,7393,23.8,12.73,21.53,34.26,0.534,5.66
Zeolite-assisted drying,49.799,21.5,54.5,0.232,7.89,6890,22.01,12.86,20.83,33.69,0.553,5.63
Zeolite-assisted drying,48.058,21.4,54.8,0.234,7.867,6887,22.24,13.17,20.64,33.81,0.568,5.62
Zeolite-assisted drying,46.97,21,56.6,0.221,7.843,6884,22.72,13.19,21.09,34.28,0.559,5.63
Zeolite-assisted drying,46.97,20,53.6,0.214,7.561,6690,22.16,12.81,20.2,33.01,0.565,5.54
Zeolite-assisted drying,46.752,20.4,52.6,0.212,7.585,6689,22.07,12.95,20.04,32.99,0.574,5.59
Zeolite-assisted drying,47.514,19,50.2,0.217,7.467,6685,22.32,12.95,20.66,33.61,0.56,5.58
Natural post-harvest process,40.659,29.8,72.1,0.331,7.467,7450,24.68,12.35,21.1,33.45,0.53,5.73
Natural post-harvest process,45.773,29.6,74.2,0.335,7.279,7448,24.6,12.68,20.66,33.34,0.55,5.68
Natural post-harvest process,46.426,28.5,71.6,0.329,7.491,7465,24.91,12.99,21.59,34.58,0.542,5.66
Honey post-harvest process,47.187,27.7,60.7,0.273,6.856,6925,20.55,12.34,19.67,32.01,0.56,5.61
Honey post-harvest process,47.949,27.6,57.8,0.271,6.95,6940,20.02,12.78,20.18,32.96,0.565,5.64
Honey post-harvest process,46.752,27.5,59,0.276,6.973,6935,20.46,12.46,19.44,31.9,0.57,5.63
Washed post-harvest process,51.648,22,62.6,0.259,6.432,6715,23.97,12.85,21.05,33.9,0.548,5.6
Washed post-harvest process,50.996,21.7,65,0.267,6.385,6730,23.77,12.76,21.16,33.92,0.543,5.6
Washed post-harvest process,51.757,21.6,64.3,0.269,6.432,6725,23.68,12.52,21.77,34.29,0.522,5.59
Natural post-harvest process,52.628,25.8,62.8,0.318,8.29,7397,23.5,12.8,20.68,33.48,0.554,5.65
Natural post-harvest process,51.104,25.5,65,0.322,8.361,7395,24.1,13.26,21,34.26,0.563,5.65
Natural post-harvest process,52.192,25,64.9,0.315,8.384,7393,23.8,12.73,21.53,34.26,0.534,5.66
Honey post-harvest process,49.799,21.5,54.5,0.232,7.89,6890,22.01,12.86,20.83,33.69,0.553,5.63
Honey post-harvest process,48.058,21.4,54.8,0.234,7.867,6887,22.24,13.17,20.64,33.81,0.568,5.62
Honey post-harvest process,46.97,21,56.6,0.221,7.843,6884,22.72,13.19,21.09,34.28,0.559,5.63
Washed post-harvest process,46.97,20,53.6,0.214,7.561,6690,22.16,12.81,20.2,33.01,0.565,5.54
Washed post-harvest process,46.752,20.4,52.6,0.212,7.585,6689,22.07,12.95,20.04,32.99,0.574,5.59
Washed post-harvest process,47.514,19,50.2,0.217,7.467,6685,22.32,12.95,20.66,33.61,0.56,5.58
Natural process without zeolite (NWZ),40.659,29.8,72.1,0.331,7.467,7450,24.68,12.35,21.1,33.45,0.53,5.73
Natural process without zeolite (NWZ),45.773,29.6,74.2,0.335,7.279,7448,24.6,12.68,20.66,33.34,0.55,5.68
Natural process without zeolite (NWZ),46.426,28.5,71.6,0.329,7.491,7465,24.91,12.99,21.59,34.58,0.542,5.66
Honey process without zeolite (HWZ),47.187,27.7,60.7,0.273,6.856,6925,20.55,12.34,19.67,32.01,0.56,5.61
Honey process without zeolite (HWZ),47.949,27.6,57.8,0.271,6.95,6940,20.02,12.78,20.18,32.96,0.565,5.64
Honey process without zeolite (HWZ),46.752,27.5,59,0.276,6.973,6935,20.46,12.46,19.44,31.9,0.57,5.63
Washed process without zeolite (WWZ),51.648,22,62.6,0.259,6.432,6715,23.97,12.85,21.05,33.9,0.548,5.6
Washed process without zeolite (WWZ),50.996,21.7,65,0.267,6.385,6730,23.77,12.76,21.16,33.92,0.543,5.6
Washed process without zeolite (WWZ),51.757,21.6,64.3,0.269,6.432,6725,23.68,12.52,21.77,34.29,0.522,5.59
Natural process with zeolite-assisted drying (NWZ.),52.628,25.8,62.8,0.318,8.29,7397,23.5,12.8,20.68,33.48,0.554,5.65
Natural process with zeolite-assisted drying (NWZ.),51.104,25.5,65,0.322,8.361,7395,24.1,13.26,21,34.26,0.563,5.65
Natural process with zeolite-assisted drying (NWZ.),52.192,25,64.9,0.315,8.384,7393,23.8,12.73,21.53,34.26,0.534,5.66
Honey process with zeolite-assisted drying (HWZ.),49.799,21.5,54.5,0.232,7.89,6890,22.01,12.86,20.83,33.69,0.553,5.63
Honey process with zeolite-assisted drying (HWZ.),48.058,21.4,54.8,0.234,7.867,6887,22.24,13.17,20.64,33.81,0.568,5.62
Honey process with zeolite-assisted drying (HWZ.),46.97,21,56.6,0.221,7.843,6884,22.72,13.19,21.09,34.28,0.559,5.63
Washed process with zeolite-assisted drying (WWZ.),46.97,20,53.6,0.214,7.561,6690,22.16,12.81,20.2,33.01,0.565,5.54
Washed process with zeolite-assisted drying (WWZ.),46.752,20.4,52.6,0.212,7.585,6689,22.07,12.95,20.04,32.99,0.574,5.59
Washed process with zeolite-assisted drying (WWZ.),47.514,19,50.2,0.217,7.467,6685,22.32,12.95,20.66,33.61,0.56,5.58
